<?xml version="1.0" encoding="UTF-8"?>
<!DOCTYPE log4j:configuration PUBLIC "-//APACHE//DTD LOG4J 1.2//EN" "log4j.dtd">
<log4j:configuration xmlns:log4j="http://jakarta.apache.org/log4j/">
	<!-- Appenders -->
	<appender name="console" class="org.apache.log4j.ConsoleAppender">
		<param name="Target" value="System.out" />
		<layout class="org.apache.log4j.PatternLayout">
			<param name="ConversionPattern"
				value="%-5p %d{yyyy-MM-dd HH:mm:ss,SSS}: %c - %m%n" />
		</layout>
	</appender>
	
	<appender name="Application"
		class="org.apache.log4j.DailyRollingFileAppender">
		<param name="File" value="../logs/zjhcServicePlatform.log" />
		<param name="Append" value="true" />
		<param name="Threshold" value="info" />
		<param name="DatePattern" value="'.'yyyy-MM-dd" />
		<layout class="org.apache.log4j.PatternLayout">
			<param name="ConversionPattern"
				value="%-5p %d{yyyy-MM-dd HH:mm:ss,SSS}: %c - %m%n" />
		</layout>
	</appender>

	<!-- Application Loggers -->
	<logger name="com.zjhcsoft">
		<level value="debug" />
	</logger>

	<!-- Spring Loggers -->
	<logger name="org.springframework">
		<level value="info" />
	</logger>
	<!-- Mybatis Loggers-->
	<logger name="org.mybatis" additivity="true">
		<level value="debug" />
	</logger>
	<!-- Apache Loggers-->
	<logger name="org.apache" additivity="true">
		<level value="info" />
	</logger>
	<!-- Sql Loggers-->
	<logger name="java.sql" additivity="true">
		<level value="debug" />
	</logger>

	<!-- Root Logger -->
	<root>
		<priority value="debug" />
		<appender-ref ref="console" />
		<appender-ref ref="Application" />
	</root>
</log4j:configuration>
